Sample,X,Y,Z
0,0.004,0.027,0.852
1,0.012,0.035,0.918
2,0.008,0.031,0.926
3,0.004,0.031,0.918
4,0.004,0.039,0.914
5,0.000,0.035,0.930
6,0.004,0.031,0.926
7,0.008,0.035,0.930
8,0.004,0.023,0.918
9,0.008,0.027,0.926
10,0.012,0.035,0.922
11,0.004,0.031,0.922
12,0.004,0.031,0.926
13,0.004,0.031,0.922
14,0.008,0.039,0.918
15,0.000,0.031,0.914
16,0.000,0.035,0.914
17,0.004,0.031,0.926
18,0.004,0.031,0.922
19,0.004,0.027,0.926
20,0.008,0.031,0.922
21,0.004,0.035,0.930
22,0.000,0.043,0.938
23,0.004,0.031,0.918
24,0.004,0.031,0.926
25,0.004,0.027,0.922
26,0.008,0.039,0.934
27,0.004,0.039,0.926
28,0.008,0.031,0.922
29,0.000,0.031,0.926
30,0.004,0.039,0.918
31,0.008,0.035,0.926
32,0.012,0.027,0.918
33,0.008,0.039,0.922
34,0.004,0.035,0.914
35,0.008,0.047,0.914
36,0.000,0.035,0.926
37,0.012,0.023,0.918
38,0.000,0.039,0.926
39,0.004,0.035,0.922
40,0.000,0.043,0.926
41,0.008,0.031,0.918
42,0.012,0.035,0.930
43,0.004,0.035,0.926
44,0.004,0.035,0.918
45,0.004,0.031,0.922
46,0.016,0.039,0.910
47,0.008,0.035,0.926
48,0.012,0.031,0.918
49,0.012,0.039,0.918
50,0.008,0.039,0.918
51,0.004,0.031,0.914
52,0.004,0.035,0.926
53,0.008,0.027,0.926
54,0.016,0.035,0.926
55,0.004,0.039,0.918
56,0.016,0.043,0.922
57,0.012,0.031,0.914
58,0.012,0.031,0.918
59,0.012,0.035,0.922
60,0.012,0.035,0.926
61,0.008,0.027,0.930
62,0.004,0.031,0.918
63,0.004,0.039,0.918
64,0.008,0.031,0.914
65,0.016,0.031,0.914
66,0.004,0.035,0.918
67,0.008,0.031,0.914
68,0.008,0.035,0.918
69,0.004,0.035,0.918
70,0.012,0.035,0.926
71,0.004,0.039,0.910
72,0.008,0.035,0.918
73,0.008,0.039,0.922
74,0.008,0.035,0.914
75,0.004,0.035,0.914
76,0.008,0.035,0.918
77,0.012,0.035,0.922
78,0.004,0.031,0.914
79,0.004,0.031,0.922
80,0.008,0.031,0.926
81,0.004,0.031,0.910
82,0.004,0.035,0.914
83,0.000,0.031,0.922
84,0.008,0.039,0.926
85,0.004,0.027,0.918
86,0.004,0.027,0.918
87,0.000,0.027,0.914
88,0.004,0.035,0.910
89,0.004,0.027,0.926
90,0.004,0.039,0.922
91,0.000,0.047,0.926
92,0.004,0.035,0.918
93,0.008,0.035,0.906
94,0.008,0.027,0.922
95,0.008,0.039,0.918
96,0.004,0.027,0.910
97,0.004,0.039,0.906
98,0.020,0.035,0.930
99,0.004,0.027,0.926
100,0.004,0.039,0.914
101,0.004,0.031,0.930
102,0.004,0.035,0.918
103,0.004,0.027,0.914
104,0.000,0.035,0.922
105,0.008,0.047,0.918
106,0.008,0.031,0.926
107,0.008,0.023,0.926
108,0.004,0.035,0.922
109,0.008,0.031,0.918
110,0.008,0.031,0.914
111,0.004,0.039,0.926
112,0.008,0.039,0.930
113,0.004,0.035,0.922
114,0.004,0.027,0.922
115,0.012,0.023,0.914
116,0.008,0.031,0.914
117,0.012,0.035,0.926
118,0.012,0.027,0.914
119,0.008,0.035,0.926
120,0.008,0.031,0.926
121,0.000,0.031,0.930
122,0.004,0.035,0.918
123,0.008,0.035,0.926
124,0.008,0.031,0.918
125,0.004,0.039,0.918
126,0.012,0.035,0.930
127,0.008,0.035,0.914
128,0.004,0.031,0.918
129,0.004,0.035,0.930
130,0.012,0.023,0.914
131,0.004,0.031,0.922
132,0.008,0.035,0.914
133,0.008,0.039,0.930
134,0.004,0.031,0.918
135,0.004,0.031,0.918
136,0.008,0.031,0.910
137,0.004,0.031,0.910
138,0.004,0.039,0.922
139,0.008,0.035,0.930
140,0.008,0.039,0.930
141,0.008,0.031,0.922
142,0.004,0.031,0.914
143,0.008,0.027,0.918
144,0.004,0.035,0.906
145,0.004,0.035,0.922
146,0.004,0.035,0.910
147,0.012,0.035,0.922
148,0.004,0.039,0.914
149,0.004,0.035,0.914
150,0.012,0.023,0.922
151,0.008,0.031,0.918
152,0.004,0.043,0.910
153,0.000,0.039,0.918
154,0.016,0.035,0.922
155,0.012,0.043,0.918
156,0.004,0.039,0.914
157,0.004,0.035,0.918
158,0.004,0.031,0.922
159,0.000,0.039,0.930
160,0.008,0.031,0.930
161,0.016,0.031,0.926
162,0.008,0.035,0.930
163,0.008,0.035,0.918
164,0.008,0.027,0.922
165,0.004,0.035,0.922
166,0.012,0.031,0.922
167,0.012,0.039,0.922
168,0.004,0.043,0.914
169,0.008,0.031,0.914
170,0.008,0.035,0.914
171,0.008,0.035,0.918
172,0.012,0.031,0.910
173,0.008,0.035,0.922
174,0.012,0.031,0.926
175,0.008,0.039,0.918
176,0.008,0.039,0.930
177,0.004,0.047,0.930
178,0.008,0.023,0.922
179,0.008,0.027,0.918
180,0.008,0.027,0.918
181,0.012,0.031,0.922
182,0.008,0.043,0.918
183,0.012,0.031,0.922
184,0.004,0.035,0.914
185,0.008,0.031,0.922
186,0.008,0.035,0.906
187,0.004,0.039,0.918
188,0.008,0.031,0.926
189,0.004,0.031,0.930
190,0.004,0.035,0.922
191,0.004,0.039,0.918
192,0.004,0.035,0.918
193,0.000,0.035,0.926
194,0.008,0.035,0.918
195,0.000,0.035,0.914
196,0.008,0.039,0.926
197,0.004,0.039,0.922
198,0.000,0.031,0.914
199,0.004,0.035,0.926
200,0.000,0.043,0.918
201,0.000,0.035,0.918
202,0.000,0.039,0.926
203,0.008,0.035,0.914
204,0.000,0.031,0.914
205,0.004,0.039,0.918
206,0.004,0.031,0.926
207,0.004,0.027,0.910
208,0.008,0.023,0.918
209,0.004,0.039,0.914
210,0.004,0.047,0.926
211,0.000,0.035,0.922
212,0.012,0.035,0.914
213,0.000,0.031,0.922
214,0.004,0.035,0.918
215,0.008,0.027,0.914
216,0.004,0.027,0.910
217,0.008,0.043,0.922
218,0.004,0.035,0.914
219,0.012,0.035,0.910
220,0.008,0.031,0.902
221,0.012,0.031,0.922
222,0.004,0.031,0.918
223,0.008,0.043,0.922
224,0.012,0.035,0.926
225,0.012,0.031,0.922
226,0.008,0.043,0.914
227,0.008,0.035,0.914
228,0.008,0.031,0.922
229,0.004,0.031,0.918
230,0.016,0.031,0.918
231,0.012,0.031,0.926
232,0.012,0.031,0.930
233,0.012,0.035,0.922
234,0.004,0.035,0.922
235,0.012,0.027,0.914
236,0.000,0.031,0.926
237,0.008,0.031,0.918
238,0.012,0.043,0.914
239,0.008,0.031,0.922
240,0.008,0.031,0.918
241,0.008,0.027,0.914
242,0.000,0.039,0.918
243,0.008,0.031,0.926
244,0.004,0.035,0.918
245,0.008,0.043,0.914
246,0.012,0.031,0.922
247,0.004,0.039,0.922
248,0.004,0.039,0.918
249,0.004,0.035,0.922
250,0.004,0.035,0.934
251,0.004,0.027,0.926
252,0.004,0.043,0.914
253,0.004,0.027,0.930
254,0.004,0.027,0.926
255,0.004,0.031,0.906
256,0.000,0.047,0.910
257,0.012,0.031,0.918
258,0.004,0.031,0.922
259,0.004,0.047,0.918
260,0.000,0.031,0.918
261,0.008,0.035,0.930
262,0.004,0.035,0.926
263,0.012,0.027,0.914
264,0.012,0.027,0.926
265,0.008,0.031,0.910
266,0.004,0.043,0.926
267,0.008,0.035,0.922
268,0.000,0.031,0.918
269,0.004,0.031,0.922
270,0.004,0.035,0.926
271,0.000,0.031,0.922
272,0.008,0.035,0.922
273,0.016,0.043,0.930
274,0.004,0.027,0.922
275,0.008,0.035,0.918
276,0.016,0.031,0.922
277,0.008,0.035,0.922
278,0.016,0.027,0.926
279,0.016,0.023,0.914
280,0.012,0.039,0.922
281,0.004,0.035,0.922
282,0.000,0.039,0.914
283,0.000,0.031,0.914
284,0.008,0.027,0.930
285,0.008,0.035,0.914
286,0.012,0.035,0.926
287,0.012,0.035,0.926
288,0.004,0.035,0.930
289,0.004,0.035,0.922
290,0.008,0.027,0.910
291,0.000,0.035,0.922
292,0.008,0.039,0.930
293,0.004,0.035,0.922
294,0.012,0.043,0.910
295,0.008,0.031,0.918
296,0.008,0.035,0.930
297,0.008,0.031,0.914
298,0.004,0.039,0.922
299,0.008,0.031,0.922
300,0.004,0.031,0.930
301,0.016,0.047,0.926
302,0.008,0.039,0.926
303,0.012,0.035,0.922
304,0.004,0.039,0.918
305,0.008,0.035,0.918
306,0.012,0.035,0.922
307,0.008,0.031,0.922
308,0.008,0.035,0.906
309,0.004,0.031,0.930
310,0.004,0.039,0.926
311,0.008,0.047,0.922
312,0.008,0.027,0.926
313,0.008,0.035,0.926
314,0.000,0.039,0.926
315,0.000,0.039,0.922
316,0.008,0.035,0.922
317,0.012,0.031,0.914
318,0.008,0.035,0.918
319,0.008,0.031,0.918
320,0.000,0.027,0.918
321,0.008,0.035,0.918
322,0.016,0.031,0.922
323,0.004,0.039,0.918
324,0.004,0.043,0.922
325,0.004,0.027,0.914
326,0.004,0.031,0.918
327,0.008,0.027,0.918
328,0.008,0.035,0.926
329,0.004,0.047,0.918
330,0.000,0.043,0.926
331,0.000,0.031,0.926
332,0.000,0.043,0.926
333,0.004,0.031,0.918
334,0.008,0.031,0.926
335,0.000,0.031,0.922
336,0.008,0.039,0.930
337,0.000,0.043,0.926
338,0.000,0.039,0.918
339,0.000,0.035,0.926
340,0.008,0.035,0.906
341,0.004,0.031,0.918
342,0.004,0.023,0.926
343,0.004,0.039,0.918
344,0.000,0.035,0.918
345,0.004,0.027,0.918
346,0.000,0.027,0.910
347,0.004,0.031,0.918
348,0.000,0.035,0.918
349,0.004,0.027,0.922
350,0.008,0.035,0.930
351,0.008,0.039,0.922
352,0.008,0.031,0.914
353,0.000,0.039,0.922
354,0.000,0.023,0.934
355,0.000,0.035,0.918
356,0.008,0.027,0.922
357,0.008,0.039,0.926
358,0.004,0.039,0.918
359,0.004,0.035,0.918
360,0.012,0.020,0.918
361,0.004,0.039,0.922
362,0.004,0.035,0.926
363,0.008,0.035,0.930
364,0.008,0.039,0.914
365,0.008,0.031,0.918
366,0.008,0.035,0.922
367,0.004,0.035,0.922
368,0.012,0.027,0.918
369,0.012,0.031,0.922
370,0.008,0.035,0.914
371,0.012,0.035,0.922
372,0.008,0.035,0.918
373,0.008,0.035,0.934
374,0.008,0.031,0.918
375,0.008,0.035,0.926
376,0.012,0.031,0.926
377,0.012,0.035,0.930
378,0.008,0.043,0.918
379,0.012,0.031,0.918
380,0.008,0.031,0.910
381,0.012,0.035,0.910
382,0.012,0.023,0.902
383,0.008,0.031,0.914
384,0.004,0.039,0.926
385,0.020,0.035,0.918
386,0.016,0.031,0.922
387,0.008,0.031,0.918
388,0.004,0.027,0.926
389,0.008,0.039,0.930
390,0.008,0.023,0.918
391,0.008,0.035,0.918
392,0.012,0.039,0.926
393,0.008,0.027,0.926
394,0.008,0.035,0.918
395,0.004,0.035,0.926
396,0.004,0.035,0.926
397,0.012,0.027,0.926
398,0.004,0.035,0.922
399,0.008,0.043,0.922
400,0.012,0.031,0.914
401,0.012,0.039,0.922
402,0.008,0.039,0.918
403,0.012,0.035,0.922
404,0.008,0.035,0.926
405,0.004,0.039,0.930
406,0.008,0.035,0.910
407,0.004,0.035,0.922
408,0.008,0.035,0.922
409,0.008,0.031,0.910
410,0.012,0.043,0.914
411,0.004,0.043,0.918
412,0.008,0.039,0.918
413,0.004,0.043,0.918
414,0.004,0.039,0.926
415,0.008,0.031,0.918
416,0.008,0.031,0.926
417,0.008,0.031,0.922
418,0.000,0.035,0.922
419,0.000,0.027,0.918
420,0.004,0.039,0.922
421,0.004,0.035,0.918
422,0.000,0.031,0.922
423,0.000,0.031,0.922
424,0.004,0.031,0.926
425,0.000,0.035,0.926
426,0.000,0.031,0.926
427,0.008,0.047,0.918
428,0.000,0.027,0.918
429,0.000,0.031,0.918
430,0.008,0.035,0.918
431,0.000,0.035,0.926
432,0.000,0.031,0.922
433,0.004,0.031,0.918
434,0.004,0.035,0.918
435,0.004,0.031,0.918
436,0.000,0.027,0.918
437,0.000,0.031,0.930
438,0.000,0.035,0.922
439,0.000,0.039,0.914
440,0.000,0.035,0.922
441,0.004,0.039,0.930
442,0.004,0.031,0.926
443,0.004,0.035,0.910
444,0.008,0.039,0.918
445,0.004,0.031,0.914
446,0.008,0.027,0.926
447,0.004,0.031,0.918
448,0.008,0.043,0.926
449,0.008,0.039,0.918
450,0.012,0.027,0.918
451,0.016,0.035,0.922
452,0.016,0.027,0.914
453,0.012,0.035,0.918
454,0.012,0.031,0.914
455,0.020,0.035,0.914
456,0.012,0.035,0.910
457,0.016,0.031,0.922
458,0.016,0.031,0.922
459,0.008,0.035,0.922
460,0.023,0.039,0.918
461,0.016,0.039,0.926
462,0.023,0.027,0.922
463,0.020,0.031,0.926
464,0.020,0.039,0.926
465,0.012,0.031,0.922
466,0.016,0.031,0.922
467,0.020,0.027,0.918
468,0.008,0.035,0.922
469,0.016,0.051,0.918
470,0.020,0.035,0.922
471,0.012,0.031,0.918
472,0.012,0.035,0.922
473,0.008,0.027,0.918
474,0.012,0.043,0.914
475,0.008,0.035,0.926
476,0.012,0.043,0.922
477,0.008,0.039,0.922
478,0.004,0.027,0.926
479,0.008,0.027,0.914
480,0.008,0.043,0.918
481,0.000,0.031,0.918
482,0.000,0.031,0.914
483,0.012,0.039,0.922
484,0.000,0.031,0.926
485,0.008,0.027,0.926
486,0.004,0.027,0.922
487,0.004,0.027,0.926
488,0.000,0.035,0.914
489,0.000,0.031,0.922
490,0.000,0.039,0.922
491,0.000,0.035,0.930
492,0.012,0.031,0.918
493,0.004,0.039,0.910
494,0.000,0.027,0.918
495,0.000,0.039,0.906
496,0.004,0.027,0.926
497,0.004,0.043,0.926
498,0.000,0.031,0.922
499,0.000,0.035,0.914
500,0.004,0.039,0.926
501,0.000,0.031,0.914
502,0.004,0.035,0.930
503,0.000,0.035,0.914
504,0.008,0.031,0.918
505,0.008,0.031,0.922
506,0.008,0.027,0.922
507,0.004,0.027,0.914
508,0.008,0.027,0.922
509,0.012,0.031,0.922
510,0.008,0.027,0.926
511,0.004,0.039,0.922
512,0.000,0.039,0.922
513,0.004,0.035,0.910
514,0.004,0.027,0.918
515,0.004,0.031,0.922
516,0.004,0.043,0.926
517,0.008,0.031,0.918
518,0.008,0.043,0.930
519,0.012,0.035,0.926
520,0.008,0.035,0.918
521,0.008,0.027,0.902
522,0.008,0.035,0.922
523,0.004,0.035,0.926
524,0.004,0.031,0.930
525,0.004,0.039,0.918
526,0.004,0.031,0.922
527,0.004,0.031,0.922
528,0.004,0.027,0.914
529,0.008,0.035,0.918
530,0.008,0.035,0.918
531,0.004,0.031,0.922
532,0.008,0.039,0.918
533,0.008,0.047,0.930
534,0.004,0.039,0.922
535,0.008,0.035,0.930
536,0.012,0.035,0.914
537,0.012,0.031,0.918
538,0.008,0.031,0.926
539,0.004,0.039,0.918
540,0.000,0.031,0.926
541,0.000,0.027,0.910
542,0.004,0.039,0.918
543,0.004,0.027,0.926
544,0.012,0.027,0.918
545,0.004,0.035,0.914
546,0.016,0.039,0.926
547,0.008,0.035,0.914
548,0.004,0.027,0.926
549,0.004,0.031,0.926
550,0.004,0.031,0.926
551,0.012,0.031,0.914
552,0.004,0.031,0.922
553,0.012,0.035,0.922
554,0.008,0.027,0.922
555,0.008,0.035,0.918
556,0.008,0.027,0.926
557,0.004,0.031,0.910
558,0.008,0.031,0.914
559,0.008,0.035,0.922
560,0.016,0.039,0.922
561,0.016,0.039,0.910
562,0.004,0.043,0.922
563,0.008,0.027,0.910
564,0.008,0.031,0.930
565,0.012,0.035,0.918
566,0.008,0.031,0.922
567,0.012,0.047,0.918
568,0.004,0.039,0.930
569,0.008,0.035,0.930
570,0.008,0.035,0.922
571,0.000,0.039,0.918
572,0.012,0.035,0.914
573,0.008,0.027,0.922
574,0.004,0.043,0.926
575,0.008,0.035,0.914
576,0.004,0.035,0.918
577,0.008,0.031,0.930
578,0.000,0.035,0.918
579,0.000,0.043,0.926
580,0.004,0.039,0.926
581,0.012,0.027,0.926
582,0.004,0.035,0.926
583,0.000,0.031,0.926
584,0.008,0.035,0.918
585,0.004,0.035,0.914
586,0.004,0.027,0.910
587,0.000,0.027,0.926
588,0.004,0.035,0.934
589,0.004,0.031,0.922
590,0.004,0.027,0.922
591,0.000,0.035,0.914
592,0.000,0.047,0.918
593,0.004,0.035,0.922
594,0.000,0.039,0.918
595,0.012,0.035,0.918
596,0.008,0.035,0.918
597,0.004,0.035,0.918
598,0.000,0.031,0.918
599,0.004,0.035,0.922
600,0.004,0.035,0.922
601,0.000,0.035,0.922
602,0.012,0.031,0.922
603,0.004,0.035,0.922
604,0.008,0.035,0.922
605,0.004,0.027,0.918
606,0.012,0.039,0.914
607,0.012,0.039,0.910
608,0.004,0.035,0.914
609,0.012,0.039,0.922
610,0.008,0.031,0.926
611,0.020,0.039,0.926
612,0.008,0.039,0.922
613,0.004,0.035,0.922
614,0.008,0.031,0.922
615,0.008,0.031,0.918
616,0.008,0.043,0.922
617,0.012,0.039,0.918
618,0.008,0.027,0.918
619,0.016,0.035,0.914
620,0.012,0.031,0.918
621,0.020,0.035,0.926
622,0.016,0.031,0.922
623,0.012,0.039,0.922
624,0.008,0.035,0.910
625,0.012,0.031,0.910
626,0.004,0.039,0.918
627,0.012,0.039,0.922
628,0.016,0.027,0.926
629,0.004,0.035,0.926
630,0.012,0.043,0.914
631,0.012,0.031,0.926
632,0.012,0.031,0.926
633,0.012,0.031,0.922
634,0.008,0.035,0.918
635,0.008,0.027,0.922
636,0.012,0.035,0.926
637,0.012,0.031,0.926
638,0.004,0.031,0.926
639,0.012,0.031,0.918
640,0.012,0.031,0.926
641,0.008,0.035,0.930
642,0.004,0.035,0.922
643,0.000,0.035,0.922
644,0.004,0.035,0.918
645,0.008,0.031,0.926
646,0.004,0.035,0.922
647,0.004,0.035,0.926
648,0.004,0.027,0.930
649,0.000,0.035,0.918
650,0.000,0.031,0.922
651,0.004,0.035,0.934
652,0.004,0.023,0.918
653,0.004,0.039,0.922
654,0.004,0.031,0.926
655,0.004,0.027,0.926
656,0.000,0.031,0.926
657,0.008,0.039,0.926
658,0.016,0.039,0.926
659,0.008,0.031,0.926
660,0.000,0.035,0.926
661,0.004,0.031,0.922
662,0.004,0.035,0.922
663,0.004,0.027,0.914
664,0.000,0.035,0.918
665,0.012,0.039,0.922
666,0.004,0.031,0.918
667,0.008,0.035,0.926
668,0.008,0.027,0.922
669,0.000,0.035,0.914
670,0.004,0.035,0.918
671,0.004,0.035,0.922
672,0.008,0.043,0.938
673,0.008,0.035,0.918
674,0.004,0.031,0.918
675,0.004,0.035,0.914
676,0.008,0.039,0.918
677,0.012,0.035,0.922
678,0.008,0.035,0.926
679,0.020,0.043,0.934
680,0.004,0.035,0.918
681,0.008,0.035,0.918
682,0.012,0.035,0.918
683,0.008,0.035,0.922
684,0.008,0.047,0.910
685,0.008,0.039,0.922
686,0.008,0.043,0.918
687,0.012,0.031,0.926
688,0.012,0.035,0.930
689,0.008,0.035,0.914
690,0.008,0.031,0.914
691,0.008,0.035,0.918
692,0.016,0.031,0.918
693,0.020,0.039,0.926
694,0.008,0.035,0.926
695,0.008,0.035,0.922
696,0.004,0.031,0.914
697,0.004,0.035,0.918
698,0.004,0.027,0.918
699,0.004,0.035,0.922
700,0.012,0.039,0.926
701,0.004,0.027,0.914
702,0.012,0.031,0.914
703,0.020,0.035,0.922
704,0.012,0.027,0.926
705,0.012,0.027,0.922
706,0.008,0.043,0.918
707,0.012,0.043,0.918
708,0.008,0.031,0.926
709,0.004,0.031,0.926
710,0.008,0.035,0.918
711,0.004,0.039,0.910
712,0.008,0.035,0.918
713,0.004,0.035,0.926
714,0.000,0.039,0.922
715,0.008,0.035,0.910
716,0.012,0.027,0.922
717,0.012,0.031,0.922
718,0.004,0.039,0.922
719,0.004,0.031,0.918
720,0.004,0.031,0.918
721,0.008,0.031,0.930
722,0.004,0.031,0.930
723,0.016,0.027,0.926
724,0.000,0.043,0.918
725,0.012,0.031,0.926
726,0.004,0.039,0.922
727,0.008,0.031,0.922
728,0.008,0.039,0.930
729,0.008,0.027,0.914
730,0.008,0.031,0.922
731,0.004,0.035,0.910
732,0.004,0.031,0.926
733,0.004,0.043,0.918
734,0.008,0.031,0.930
735,0.008,0.035,0.918
736,0.004,0.031,0.914
737,0.000,0.035,0.922
738,0.004,0.035,0.922
739,0.000,0.027,0.918
740,0.000,0.027,0.922
741,0.004,0.027,0.934
742,0.008,0.035,0.914
743,0.004,0.039,0.922
744,0.000,0.031,0.918
745,0.008,0.027,0.926
746,0.012,0.027,0.918
747,0.004,0.043,0.914
748,0.008,0.027,0.922
749,0.008,0.035,0.938
750,0.012,0.027,0.922
751,0.008,0.027,0.926
752,0.012,0.023,0.922
753,0.012,0.023,0.918
754,0.008,0.027,0.918
755,0.008,0.035,0.922
756,0.012,0.035,0.930
757,0.012,0.035,0.914
758,0.008,0.035,0.926
759,0.008,0.035,0.918
760,0.008,0.035,0.926
761,0.008,0.035,0.922
762,0.004,0.031,0.926
763,0.008,0.039,0.922
764,0.004,0.027,0.926
765,0.012,0.023,0.922
766,0.008,0.031,0.922
767,0.012,0.031,0.926
768,0.008,0.035,0.934
769,0.004,0.039,0.914
770,0.008,0.035,0.926
771,0.004,0.035,0.918
772,0.000,0.043,0.926
773,0.000,0.031,0.922
774,0.004,0.035,0.918
775,0.008,0.043,0.922
776,0.004,0.039,0.918
777,0.012,0.035,0.930
778,0.008,0.035,0.922
779,0.008,0.035,0.922
780,0.004,0.035,0.922
781,0.004,0.027,0.922
782,0.004,0.027,0.930
783,0.000,0.027,0.914
784,0.012,0.027,0.930
785,0.004,0.027,0.922
786,0.016,0.023,0.926
787,0.008,0.035,0.918
788,0.008,0.031,0.918
789,0.012,0.027,0.914
790,0.008,0.035,0.930
791,0.008,0.035,0.926
792,0.012,0.031,0.918
793,0.008,0.031,0.914
794,0.008,0.039,0.922
795,0.016,0.039,0.910
796,0.008,0.031,0.918
797,0.008,0.023,0.910
798,0.016,0.027,0.926
799,0.012,0.027,0.926
800,0.016,0.027,0.918
801,0.016,0.035,0.926
802,0.008,0.031,0.918
803,0.012,0.031,0.922
804,0.020,0.035,0.922
805,0.012,0.047,0.926
806,0.012,0.039,0.922
807,0.012,0.039,0.910
808,0.012,0.023,0.926
809,0.004,0.035,0.930
810,0.008,0.035,0.918
811,0.008,0.039,0.922
812,0.016,0.043,0.922
813,0.008,0.035,0.918
814,0.000,0.039,0.926
815,0.004,0.039,0.914
816,0.012,0.027,0.922
817,0.004,0.035,0.926
818,0.000,0.039,0.922
819,0.004,0.035,0.918
820,0.004,0.031,0.922
821,0.000,0.035,0.930
822,0.000,0.035,0.926
823,0.000,0.039,0.918
824,0.000,0.031,0.926
825,0.000,0.035,0.910
826,0.004,0.035,0.922
827,0.004,0.023,0.926
828,0.000,0.027,0.930
829,0.000,0.031,0.914
830,0.000,0.027,0.926
831,-0.004,0.035,0.918
832,0.004,0.035,0.926
833,0.000,0.043,0.934
834,-0.004,0.043,0.926
835,0.000,0.031,0.926
836,0.000,0.027,0.914
837,0.000,0.035,0.922
838,0.000,0.031,0.918
839,0.000,0.035,0.918
840,0.004,0.039,0.918
841,0.004,0.031,0.914
842,0.004,0.031,0.922
843,0.004,0.031,0.926
844,0.004,0.035,0.918
845,0.008,0.035,0.918
846,0.012,0.035,0.922
847,0.004,0.047,0.926
848,0.008,0.031,0.910
849,0.004,0.031,0.922
850,0.016,0.020,0.922
851,0.008,0.035,0.918
852,0.016,0.027,0.930
853,0.020,0.031,0.918
854,0.023,0.031,0.922
855,0.012,0.031,0.914
856,0.008,0.027,0.914
857,0.008,0.035,0.918
858,0.027,0.027,0.922
859,0.016,0.035,0.922
860,0.016,0.031,0.918
861,0.027,0.035,0.922
862,0.012,0.023,0.918
863,0.012,0.039,0.922
864,0.020,0.031,0.918
865,0.008,0.031,0.922
866,0.016,0.039,0.926
867,0.012,0.035,0.918
868,0.016,0.039,0.930
869,0.012,0.035,0.922
870,0.012,0.039,0.926
871,0.008,0.035,0.922
872,0.012,0.027,0.926
873,0.008,0.035,0.926
874,0.000,0.039,0.922
875,0.004,0.047,0.914
876,0.000,0.035,0.910
877,0.004,0.027,0.918
878,0.012,0.027,0.930
879,0.012,0.035,0.922
880,0.008,0.031,0.926
881,0.000,0.031,0.926
882,0.004,0.043,0.930
883,0.008,0.031,0.914
884,0.000,0.039,0.922
885,0.000,0.031,0.930
886,0.004,0.035,0.910
887,0.004,0.039,0.914
888,0.000,0.039,0.914
889,0.000,0.043,0.918
890,0.004,0.035,0.926
891,0.004,0.031,0.926
892,0.004,0.031,0.926
893,0.004,0.035,0.918
894,0.000,0.035,0.926
895,0.008,0.035,0.918
896,0.004,0.035,0.926
897,0.000,0.039,0.922
898,0.004,0.031,0.922
899,0.004,0.023,0.914
900,0.004,0.031,0.922
901,0.000,0.031,0.914
902,0.004,0.035,0.922
903,0.016,0.039,0.922
904,0.004,0.043,0.926
905,0.012,0.031,0.922
906,0.008,0.035,0.918
907,0.004,0.027,0.918
908,0.012,0.035,0.914
909,0.004,0.035,0.926
910,0.016,0.035,0.922
911,0.008,0.031,0.922
912,0.012,0.043,0.918
913,0.016,0.031,0.914
914,0.008,0.035,0.926
915,0.004,0.039,0.910
916,0.008,0.031,0.926
917,0.016,0.039,0.926
918,0.008,0.031,0.926
919,0.008,0.035,0.914
920,0.004,0.039,0.922
921,0.016,0.031,0.922
922,0.012,0.023,0.922
923,0.012,0.035,0.918
924,0.008,0.043,0.922
925,0.004,0.031,0.918
926,0.000,0.031,0.914
927,0.004,0.031,0.918
928,0.012,0.031,0.914
929,0.008,0.039,0.914
930,0.004,0.031,0.918
931,0.004,0.043,0.918
932,0.004,0.039,0.930
933,0.004,0.039,0.926
934,0.008,0.027,0.914
935,0.000,0.035,0.922
936,0.004,0.043,0.922
937,0.004,0.031,0.918
938,0.004,0.035,0.910
939,0.004,0.027,0.918
940,0.004,0.035,0.914
941,0.012,0.035,0.922
942,0.000,0.031,0.922
943,0.004,0.027,0.918
944,0.000,0.027,0.922
945,0.004,0.035,0.918
946,0.004,0.031,0.918
947,0.000,0.039,0.914
948,0.004,0.035,0.918
949,0.004,0.031,0.922
950,0.004,0.031,0.910
951,0.004,0.035,0.914
952,0.004,0.043,0.922
953,0.004,0.031,0.926
954,0.004,0.039,0.922
955,0.008,0.039,0.918
956,0.012,0.031,0.918
957,0.004,0.035,0.910
958,0.012,0.023,0.918
959,0.012,0.043,0.922
960,0.004,0.035,0.922
961,0.008,0.043,0.914
962,0.012,0.031,0.926
963,0.004,0.031,0.922
964,0.016,0.031,0.918
965,0.008,0.031,0.922
966,0.012,0.031,0.914
967,0.008,0.031,0.914
968,0.008,0.031,0.914
969,0.012,0.039,0.918
970,0.012,0.031,0.922
971,0.020,0.031,0.922
972,0.008,0.035,0.918
973,0.016,0.043,0.926
974,0.016,0.031,0.922
975,0.008,0.027,0.930
976,0.008,0.027,0.922
977,0.012,0.027,0.914
978,0.004,0.035,0.918
979,0.008,0.031,0.930
980,0.012,0.035,0.922
981,0.012,0.023,0.918
982,0.012,0.027,0.926
983,0.008,0.031,0.926
984,0.008,0.031,0.926
985,0.004,0.031,0.910
986,0.004,0.035,0.918
987,0.004,0.031,0.922
988,0.000,0.039,0.910
989,0.004,0.027,0.914
990,0.000,0.043,0.918
991,0.008,0.031,0.918
992,0.004,0.023,0.922
993,0.000,0.039,0.922
994,0.004,0.043,0.922
995,0.004,0.035,0.918
996,0.004,0.043,0.926
997,0.004,0.039,0.918
998,0.004,0.027,0.926
999,-0.004,0.043,0.918
Rate 400, overflows 0
